Fridge,Ingredient,Amount,Unit
0,æg,7,
0,gulerødder,3,
0,mel,2,kg
0,mælk,1,l
0,sukker,530,g
0,mayonaise,210,ml
0,salatost,150,g
0,græsk yogurt,200,g
0,peber,25,g
0,salt,120,g
0,asparges,30,
0,bacon,10,skiver
0,blåbær,50,g
0,smør,400,g
0,mandler,75,g
0,brun farin,150,g
0,sesamfrø,25,g
0,laksefilet,450,g
0,honning,150,g
0,ingefær,50,g
0,hvidløgspulver,30,g
0,kyllingelår,8,
0,ris,400,g
0,broccoli,300,g
0,fraiche,2.5,dl
0,rødvinseddike,2,dl
0,rødløg,300,g
0,solsikkekerner,3,dl
0,rosiner,300,g
0,kakaopulver,200,g
0,bagepulver,50,g
0,kaffe,300,g
0,flormelis,200,g
0,kokosmel,150,g
1,æg,7,
1,gulerødder,3,
1,mel,2,kg
1,mælk,1,l
1,sukker,530,g
1,asparges,30,
1,bacon,10,skiver
1,blåbær,50,g
1,smør,400,g
2,æg,7,
2,mel,2,kg
2,mælk,1,l
2,sukker,530,g
2,bacon,10,skiver
2,blåbær,50,g
2,smør,400,g
2,mandler,75,g
2,brun farin,150,g
2,kakaopulver,200,g
2,bagepulver,50,g
2,kaffe,300,g
2,flormelis,200,g
2,kokosmel,150,g
2,hakket oksekød,400,g
3,gulerødder,3,
3,mel,2,kg
3,mælk,1,l
3,tomater,5,
3,rødløg,300,g
3,solsikkekerner,3,dl
3,rosiner,300,g
3,laksefilet,450,g
3,broccoli,300,g
